image_name,label,center_x,center_y,area_pixels,mean_dab_od,median_dab_od,p99_dab_od,class_lmh
14_15010_0_7_6.jpg,1,644.2774566473988,827.9132947976879,173,0.09986759119248177,0.1024587548946051,0.20832071510078465,3
14_15010_0_7_6.jpg,2,319.92857142857144,807.0758928571429,224,0.1090030295290877,0.10552570612007763,0.2515629415371864,3
14_15010_0_7_6.jpg,3,910.4078431372549,665.2627450980392,255,0.10453491658609829,0.09558416610491158,0.2280347941180839,3
14_15010_0_7_6.jpg,4,727.7272727272727,723.8930481283422,187,0.102280749519394,0.09533042713904101,0.22414994376571545,3
14_15010_0_7_6.jpg,5,477.6820512820513,881.6,195,0.10625265909777379,0.10394209386707805,0.20178641908837408,3
14_15010_0_7_6.jpg,6,273.768115942029,311.1666666666667,138,0.10046234554574886,0.10207751805375899,0.17446309152719597,2
14_15010_0_7_6.jpg,7,554.295652173913,595.295652173913,115,0.09721313297191438,0.10096819604064251,0.1904166758572387,3
14_15010_0_7_6.jpg,8,922.5073891625616,685.8965517241379,203,0.09416755032349934,0.09043067001486382,0.1998481322939367,3
14_15010_0_7_6.jpg,9,191.0899470899471,37.43386243386244,189,0.0949450462955996,0.09147013595320265,0.21434677744550856,3
14_15010_0_7_6.jpg,10,425.47457627118644,902.2542372881356,177,0.1276586951202032,0.1257383000867519,0.2135402965858854,3
14_15010_0_7_6.jpg,11,104.58064516129032,265.6036866359447,217,0.08579734998120242,0.08363609572535237,0.1783673254568103,2
14_15010_0_7_6.jpg,12,751.23125,751.4875,160,0.10030526603725938,0.09693733212809962,0.20271785330146969,3
14_15010_0_7_6.jpg,13,417.2469879518072,941.7831325301205,166,0.10255285360373305,0.10125980583183983,0.22233388910175245,3
14_15010_0_7_6.jpg,14,967.5644444444445,749.7688888888889,225,0.1119489820309818,0.1039652003930672,0.22799385980939066,3
14_15010_0_7_6.jpg,15,398.908256880734,942.7155963302753,109,0.12159519951527138,0.1310971541905983,0.20643520752697792,3
14_15010_0_7_6.jpg,16,798.1909547738693,775.9547738693467,199,0.11563083712335062,0.11256623604033425,0.20406703328990725,3
14_15010_0_7_6.jpg,17,916.437125748503,957.8263473053893,167,0.1045557065577718,0.09459650214316784,0.2466896718019683,3
14_15010_0_7_6.jpg,18,379.1279069767442,804.9069767441861,172,0.11349925214739323,0.10107320554056505,0.25095019019743214,3
14_15010_0_7_6.jpg,19,934.75,32.25,144,0.08764001334514046,0.07724948782964106,0.20316605713606228,3
14_15010_0_7_6.jpg,21,346.7491408934708,761.553264604811,291,0.08650142610293209,0.08586762274289604,0.1808078160490087,2
14_15010_0_7_6.jpg,22,867.4239130434783,816.0217391304348,184,0.11206753416214518,0.10799405754106518,0.21469794247293544,3
14_15010_0_7_6.jpg,23,584.2426035502958,994.1597633136095,169,0.09947270082550502,0.09751821496795346,0.21046830146341108,3
14_15010_0_7_6.jpg,24,503.7236842105263,897.6644736842105,152,0.10883436322961659,0.10777352685031465,0.2054961160368457,3
14_15010_0_7_6.jpg,25,168.88888888888889,905.9962962962964,270,0.09863493456556538,0.09741164319355271,0.2054631474449348,3
14_15010_0_7_6.jpg,26,763.0949367088608,627.7025316455696,158,0.08302384055441045,0.07970337162500701,0.19176000731708093,3
14_15010_0_7_6.jpg,27,877.2649572649573,774.2051282051282,117,0.11372146375551818,0.11390374110728077,0.21119510397182442,3
14_15010_0_7_6.jpg,28,846.6217948717949,854.4871794871794,156,0.09432744713465403,0.08239542743526836,0.2443064243580592,3
14_15010_0_7_6.jpg,29,209.95871559633028,195.60091743119267,218,0.06643565882813138,0.05592471602678803,0.18991830071526594,3
14_15010_0_7_6.jpg,30,462.72108843537416,930.3129251700681,147,0.1127813293690293,0.1086388418196264,0.2277234398292936,3
14_15010_0_7_6.jpg,31,427.31060606060606,205.53787878787878,132,0.09338109091176384,0.10044342308422005,0.1755958804719257,2
14_15010_0_7_6.jpg,32,57.35849056603774,124.25786163522012,159,0.12606170093337093,0.13052218213621838,0.19506114565523433,3
14_15010_0_7_6.jpg,33,995.6210526315789,489.29473684210524,95,0.10916334858387898,0.11870429612390487,0.1969424041656999,3
14_15010_0_7_6.jpg,34,387.2299465240642,766.1283422459893,187,0.09630878413547024,0.10011047822744343,0.23824679691143213,3
14_15010_0_7_6.jpg,36,42.557291666666664,302.8802083333333,192,0.09491857676269733,0.09218974433521676,0.23080235825408615,3
14_15010_0_7_6.jpg,37,814.370786516854,613.0898876404494,178,0.08040742417587514,0.07407310778384252,0.18862936848855583,3
14_15010_0_7_6.jpg,38,507.77064220183485,878.7339449541284,109,0.09857880987397132,0.09457674355453957,0.19746981725269025,3
14_15010_0_7_6.jpg,39,698.0909090909091,944.8264462809917,121,0.08658313240131875,0.07963981659440504,0.2116057641077982,3
14_15010_0_7_6.jpg,40,483.0428015564202,856.0389105058366,257,0.08934683593178266,0.08641831995050261,0.1599884678331159,2
14_15010_0_7_6.jpg,41,598.6388888888889,906.9629629629629,108,0.12389623167812037,0.12450100586814827,0.2221372980228659,3
14_15010_0_7_6.jpg,42,729.832,559.944,125,0.06392123834924236,0.05847147751861258,0.16019146142719687,2
14_15010_0_7_6.jpg,43,762.4017857142857,706.4107142857143,112,0.1339816388701784,0.1353544248047093,0.2239519039741287,3
14_15010_0_7_6.jpg,44,988.6816479400749,798.1610486891386,267,0.09200949830238428,0.08581416896598726,0.20951077646409821,3
14_15010_0_7_6.jpg,45,147.71794871794873,995.9145299145299,117,0.08863621964124904,0.08779647917452307,0.18691848825660673,3
14_15010_0_7_6.jpg,46,167.25,8.775423728813559,236,0.14365354308743494,0.14203869569115746,0.24656724395212679,3
14_15010_0_7_6.jpg,47,403.05882352941177,928.2016806722689,119,0.09637038779153981,0.09513797163822146,0.2461967943690288,3
14_15010_0_7_6.jpg,48,406.04117647058825,763.435294117647,170,0.09812106559971057,0.09400304159344679,0.2305972063688411,3
14_15010_0_7_6.jpg,49,631.395061728395,797.4753086419753,162,0.07020157600249206,0.05639994051877954,0.20753693528620573,3
14_15010_0_7_6.jpg,50,762.5984251968504,662.9448818897638,127,0.0991347637040021,0.09621375788233033,0.20053229612488016,3
14_15010_0_7_6.jpg,51,906.8173913043478,886.0434782608696,115,0.10193032263990454,0.09960750116897471,0.21487706843718085,3
14_15010_0_7_6.jpg,52,148.14529914529913,37.76923076923077,234,0.10428593270863734,0.10218871663212528,0.2196113574869185,3
14_15010_0_7_6.jpg,53,658.1121495327103,570.607476635514,107,0.08637968057622157,0.07790035499023192,0.18260583119041682,2
14_15010_0_7_6.jpg,54,147.03533568904592,931.1095406360424,283,0.06427538440054904,0.061971617654848335,0.13975624047163487,2
14_15010_0_7_6.jpg,55,891.0846153846154,779.223076923077,130,0.10710249571653317,0.0952436416577075,0.2434991491943759,3
14_15010_0_7_6.jpg,56,561.2358974358974,753.6358974358974,195,0.0855919562283476,0.08222229625778972,0.185970744670005,3
14_15010_0_7_6.jpg,57,510.52542372881356,912.7344632768362,177,0.05652873862243061,0.05501074545839482,0.11901114474803343,1
14_15010_0_7_6.jpg,58,916.5588235294117,164.16666666666666,102,0.08510648101465021,0.07590735183135444,0.18511027695772844,3
14_15010_0_7_6.jpg,59,902.1676300578034,751.0462427745665,173,0.10582597500372548,0.09947317766951815,0.2151896877731471,3
14_15010_0_7_6.jpg,61,862.3766233766233,903.1471861471862,231,0.08410555452439002,0.08140177634460509,0.14647614869391576,2
14_15010_0_7_6.jpg,62,846.8515283842795,949.0960698689956,229,0.09551193831740776,0.09153779010502591,0.2346701694997281,3
14_15010_0_7_6.jpg,63,615.7983193277311,921.5042016806723,119,0.1079660366828698,0.10277352726626046,0.22202883126021386,3
14_15010_0_7_6.jpg,64,666.0604026845638,339.66442953020135,149,0.08893532225375107,0.09332864231748525,0.230252853852648,3
14_15010_0_7_6.jpg,65,9.282407407407407,346.6574074074074,216,0.08562772340117288,0.08443555232530957,0.17508152462441057,2
14_15010_0_7_6.jpg,66,117.44755244755245,949.5314685314685,143,0.04820661181693732,0.04620363858849079,0.12130276696246946,1
14_15010_0_7_6.jpg,67,861.3576642335767,563.0583941605839,137,0.10548290889748256,0.10977764020563462,0.2014118127218703,3
14_15010_0_7_6.jpg,68,786.75,939.64375,160,0.06999026468167355,0.06703091195511651,0.12163800394318938,1
14_15010_0_7_6.jpg,69,721.6017699115044,635.9115044247787,113,0.09740935515184038,0.08833384137855418,0.22860605779776727,3
14_15010_0_7_6.jpg,70,867.719298245614,926.5526315789474,114,0.04955501477405384,0.04598196460025483,0.09213599620473371,1
14_15010_0_7_6.jpg,71,429.5,951.9551282051282,156,0.10099362392469964,0.0964869822379799,0.21252198547641832,3
14_15010_0_7_6.jpg,72,13.831932773109244,977.5378151260504,119,0.08298616075390021,0.0799785822098827,0.1411669875138188,2
14_15010_0_7_6.jpg,73,885.5762711864406,669.7966101694915,118,0.07285016707825294,0.07027004268790012,0.155301475566207,2
14_15010_0_7_6.jpg,74,481.71404958677687,819.5388429752066,605,0.09184388483338411,0.08457468570274232,0.20953117753075717,3
14_15010_0_7_6.jpg,75,996.7311827956989,756.5591397849462,93,0.06799807957448778,0.06617585219688725,0.15006043184292445,2
14_15010_0_7_6.jpg,76,829.9459459459459,649.9932432432432,148,0.08858381389776923,0.0786427056738325,0.22085846075966084,3
14_15010_0_7_6.jpg,77,455.875,995.1875,96,0.09640398864607751,0.08618552677066824,0.2068029479217801,3
14_15010_0_7_6.jpg,78,291.7721518987342,693.9367088607595,79,0.09791958676797731,0.10627506786975395,0.17461146279454934,2
14_15010_0_7_6.jpg,79,77.88321167883211,250.4087591240876,137,0.049141082338337236,0.043853879210661126,0.11190139073902533,1
14_15010_0_7_6.jpg,80,313.4,918.8363636363637,110,0.09785759821782976,0.09461091060720678,0.21634092720911166,3
14_15010_0_7_6.jpg,81,267.34736842105264,853.521052631579,190,0.07165816977031958,0.06436039090886557,0.17912036489038086,2
14_15010_0_7_6.jpg,83,869.7379310344828,708.6896551724138,145,0.0900118184800571,0.08465560817101206,0.2002118362339357,3
14_15010_0_7_6.jpg,84,684.9290780141844,921.8510638297872,141,0.05247984471540919,0.04951369998479789,0.1103374901322401,1
14_15010_0_7_6.jpg,85,84.16599190283401,269.80971659919027,247,0.09733745983972282,0.09170058622252064,0.20870348138370085,3
14_15010_0_7_6.jpg,86,287.36170212765956,934.4468085106383,94,0.10431871576315396,0.10957280398481344,0.1785567096967532,2
14_15010_0_7_6.jpg,87,870.5569105691056,834.1382113821138,246,0.09230877636308864,0.08431602831836235,0.21526419700007923,3
14_15010_0_7_6.jpg,88,41.432,980.136,125,0.11131741644885124,0.12228827071899027,0.19673812668392046,3
14_15010_0_7_6.jpg,89,774.6666666666666,702.7592592592592,108,0.10818683008812756,0.1034236898406966,0.20598902621805987,3
14_15010_0_7_6.jpg,90,196.07462686567163,70.19900497512438,201,0.09203641404490706,0.08945641224144049,0.21751723488487945,3
14_15010_0_7_6.jpg,91,382.2450980392157,948.4705882352941,102,0.11160831012935286,0.11208260549720755,0.21594497178972383,3
14_15010_0_7_6.jpg,92,782.6811594202899,857.7101449275362,138,0.10775022187383147,0.1124605365438056,0.23778589649370988,3
14_15010_0_7_6.jpg,93,832.943661971831,720.7605633802817,142,0.07795392227586069,0.07379878182623031,0.15528242787169297,2
14_15010_0_7_6.jpg,94,907.7272727272727,794.3838383838383,99,0.0605807617704358,0.05734242387077661,0.12047777206919834,1
14_15010_0_7_6.jpg,95,247.54782608695652,48.14782608695652,115,0.08577713184269993,0.07971294156968416,0.20624710409916533,3
14_15010_0_7_6.jpg,96,940.8958333333334,941.6979166666666,96,0.08950437864828031,0.0836904693319581,0.18511497412540573,3
14_15010_0_7_6.jpg,97,652.0439024390244,629.5317073170731,205,0.087818252664126,0.08291420884763545,0.20350680143466854,3
14_15010_0_7_6.jpg,98,794.9223300970874,650.5922330097087,103,0.1111814120973898,0.11599868189887505,0.17442880425037105,2
14_15010_0_7_6.jpg,99,932.2020202020202,881.0808080808081,99,0.10044802465349006,0.08984750029979764,0.21349303209219794,3
14_15010_0_7_6.jpg,100,55.694736842105264,147.50526315789475,95,0.07877015971492927,0.0713604675005976,0.2052673732960563,3
14_15010_0_7_6.jpg,101,958.4552845528456,724.8211382113822,123,0.07916443014009755,0.06938855654827908,0.1957580788665857,3
14_15010_0_7_6.jpg,102,902.4129353233831,696.9303482587064,201,0.0661101114643467,0.05487861942724814,0.16022033643542172,2
14_15010_0_7_6.jpg,103,199.2295081967213,914.103825136612,183,0.08303145980096166,0.07360133200968216,0.21042103706076057,3
14_15010_0_7_6.jpg,104,431.680412371134,756.3814432989691,97,0.11569033953403414,0.11278275088279484,0.2213921946219602,3
14_15010_0_7_6.jpg,105,149.6891891891892,970.2567567567568,222,0.10205103231902579,0.10045825637195922,0.207910994335487,3
14_15010_0_7_6.jpg,106,564.8484848484849,824.2272727272727,132,0.10034701882273105,0.0971422443454728,0.1958308449696802,3
14_15010_0_7_6.jpg,107,850.2254901960785,669.7058823529412,102,0.0967278291966993,0.09315860530811494,0.18654604399231156,3
14_15010_0_7_6.jpg,108,235.48543689320388,78.83495145631068,103,0.07213958557410634,0.07127887359245208,0.13387303240196258,2
14_15010_0_7_6.jpg,109,803.4597156398104,971.5402843601896,211,0.07914004624299936,0.07202229934958324,0.18322349627354162,2
14_15010_0_7_6.jpg,111,672.7849462365591,993.4193548387096,93,0.11291194858092538,0.11656623336942723,0.20531302414150934,3
14_15010_0_7_6.jpg,112,842.6783625730994,992.7777777777778,171,0.08770567296753416,0.07836071759705172,0.21757897719625247,3
14_15010_0_7_6.jpg,113,807.3416666666667,750.5333333333333,120,0.0612020178392808,0.05727749375982416,0.11625199805976899,1
14_15010_0_7_6.jpg,114,647.1489361702128,612.5035460992908,141,0.08138445216574232,0.078536619395154,0.17845067820289542,2
14_15010_0_7_6.jpg,115,128.03053435114504,153.0763358778626,131,0.0960728081213411,0.09349416466591007,0.19432706916331585,3
14_15010_0_7_6.jpg,116,892.9035087719299,810.6447368421053,228,0.08427028409394174,0.08072931023626212,0.1783950375436269,2
14_15010_0_7_6.jpg,117,943.3595505617977,897.9101123595506,89,0.12090051396399099,0.115258606344987,0.24511338083974923,3
14_15010_0_7_6.jpg,118,11.88888888888889,274.6862745098039,153,0.10503166691781894,0.0988143198541051,0.2380212539026855,3
14_15010_0_7_6.jpg,119,118.97938144329896,586.2577319587629,97,0.0808618302978431,0.08029998040441123,0.17724099097316492,2
14_15010_0_7_6.jpg,120,573.0873786407767,974.7669902912621,103,0.07784345084175671,0.06892169644006685,0.16285299020395852,2
14_15010_0_7_6.jpg,121,719.08,447.152,125,0.053827141962866955,0.048314076939712895,0.1554219659259809,2
14_15010_0_7_6.jpg,122,149.7128712871287,72.75247524752476,101,0.09635002688752488,0.08843156401221319,0.17037623139544628,2
14_15010_0_7_6.jpg,123,910.8958333333334,229.68055555555554,144,0.07221960270651621,0.06548967644810066,0.16271377834467973,2
14_15010_0_7_6.jpg,124,627.8318584070796,969.4070796460177,113,0.10247140121665703,0.09908163747331274,0.21849880245964656,3
14_15010_0_7_6.jpg,125,11.485507246376812,258.5289855072464,138,0.10002245907968531,0.09480093489948269,0.1917981734241861,3
14_15010_0_7_6.jpg,126,876.890756302521,755.1428571428571,119,0.08082396707684468,0.07314134727708585,0.17482776144277026,2
14_15010_0_7_6.jpg,127,994.7941176470588,594.0441176470588,136,0.0560285201813507,0.05671528186185101,0.11990501230184894,1
14_15010_0_7_6.jpg,128,267.4639175257732,151.1443298969072,97,0.08177492843425213,0.06602656836872658,0.2069209006570534,3
14_15010_0_7_6.jpg,130,10.962962962962964,376.25925925925924,108,0.08816023995160667,0.08663618817999698,0.14859929379009523,2
14_15010_0_7_6.jpg,131,130.26315789473685,74.38157894736842,76,0.09772120843222527,0.09120350490269293,0.1822764177678427,2
14_15010_0_7_6.jpg,132,748.2816091954023,588.0229885057471,174,0.054771490018109624,0.050588396165150123,0.11019986500552864,1
14_15010_0_7_6.jpg,133,268.8258064516129,801.8387096774194,155,0.06814047140840421,0.06508332274278839,0.16350967322913565,2
14_15010_0_7_6.jpg,134,879.5232558139535,859.2325581395348,86,0.10956349662161456,0.10275696471614262,0.20642117820062464,3
14_15010_0_7_6.jpg,135,755.5775862068965,678.0258620689655,116,0.10920880260392188,0.10166018149485004,0.22741262766326065,3
14_15010_0_7_6.jpg,136,124.3943661971831,624.4507042253521,71,0.07964253718515944,0.08624348428024556,0.168363508432248,2
14_15010_0_7_6.jpg,137,168.7062937062937,934.6153846153846,143,0.06907424342114435,0.07080068229195174,0.1478967942459956,2
14_15010_0_7_6.jpg,138,961.2337662337662,827.8831168831168,77,0.09274505177011105,0.08888464487290021,0.1783624806571118,2
14_15010_0_7_6.jpg,139,47.50704225352113,996.3380281690141,71,0.061685784208078784,0.06183838523049993,0.10875948614380636,1
14_15010_0_7_6.jpg,140,713.4444444444445,202.8395061728395,81,0.08607389383348195,0.08735225414911581,0.18584873831609097,3
14_15010_0_7_6.jpg,141,188.5731707317073,148.6219512195122,164,0.09152101669388998,0.09134613532679187,0.22319217259181473,3
14_15010_0_7_6.jpg,142,224.27642276422765,952.0487804878048,123,0.05803540173056641,0.05807661466455391,0.09904554134046394,1
14_15010_0_7_6.jpg,143,236.48529411764707,956.5441176470588,136,0.0810430912394884,0.07377119503886131,0.19898039839028836,3
14_15010_0_7_6.jpg,144,660.8488372093024,584.6046511627907,86,0.10724108661339572,0.11885705187070937,0.20866224404912,3
14_15010_0_7_6.jpg,146,248.2910052910053,987.6243386243386,189,0.10298179541250102,0.1018754040011305,0.19955866755478294,3
14_15010_0_7_6.jpg,147,623.7307692307693,142.80769230769232,78,0.08455567656798858,0.08176281254761503,0.18715955216997496,3
14_15010_0_7_6.jpg,148,263.7704918032787,19.352459016393443,122,0.07469437225002161,0.07339624000378975,0.16867826553458634,2
14_15010_0_7_6.jpg,149,498.63157894736844,736.6315789473684,171,0.04764729030714488,0.04455000241416561,0.08864035541277097,1
14_15010_0_7_6.jpg,150,234.2844827586207,994.698275862069,116,0.08473201007899381,0.08526525957801302,0.19004266052033938,3
14_15010_0_7_6.jpg,151,219.42477876106196,993.2300884955753,113,0.08812596372552774,0.08440821672273217,0.18399817110112782,2
14_15010_0_7_6.jpg,152,343.03286384976525,29.0,213,0.07894041175860474,0.07609078347911266,0.16697750258610722,2
14_15010_0_7_6.jpg,153,622.2957746478874,534.3943661971831,71,0.05017817797919347,0.05134319519178421,0.0939332981352975,1
14_15010_0_7_6.jpg,154,747.25,986.0921052631579,76,0.07902486055730137,0.0813878401142341,0.16525319437318017,2
14_15010_0_7_6.jpg,155,524.0782608695653,733.0695652173913,115,0.08929800863316208,0.08381890248165846,0.19458351963835732,3
14_15010_0_7_6.jpg,156,138.4625,685.1625,80,0.05781522958721028,0.05452607181554285,0.12714227931706917,1
14_15010_0_7_6.jpg,157,336.7142857142857,850.6095238095238,105,0.0877632576560235,0.08403166259672423,0.1976768000972197,3
14_15010_0_7_6.jpg,158,88.91150442477876,231.81415929203538,113,0.11752859098103892,0.113906950466169,0.22967427495568027,3
14_15010_0_7_6.jpg,159,150.08333333333334,582.7222222222222,72,0.10387765909096874,0.10591054994669541,0.23340852846268095,3
14_15010_0_7_6.jpg,160,60.80952380952381,270.74285714285713,105,0.07155347347538307,0.06802400516482526,0.15334526938826712,2
14_15010_0_7_6.jpg,161,123.32432432432432,196.5045045045045,111,0.07575505770062681,0.07600254562064614,0.15534618108671355,2
14_15010_0_7_6.jpg,163,108.05479452054794,645.8219178082192,73,0.062422513861482155,0.05530098898595501,0.1447958985445109,2
14_15010_0_7_6.jpg,164,567.9902912621359,947.9190938511326,309,0.05607042107627791,0.054447887818331306,0.10294907441683468,1
14_15010_0_7_6.jpg,165,249.90526315789472,28.873684210526317,95,0.07384428730773358,0.06911766239059561,0.16773855270153443,2
14_15010_0_7_6.jpg,166,573.1411764705882,599.7411764705882,85,0.08293763487065461,0.08053397691324418,0.215748333721004,3
14_15010_0_7_6.jpg,167,414.1693548387097,909.7177419354839,124,0.08546772119181643,0.08098437054276338,0.18230104144339243,2
14_15010_0_7_6.jpg,168,256.8541666666667,88.60416666666667,96,0.04404013284093892,0.041535275660954815,0.07872487386405694,1
14_15010_0_7_6.jpg,169,820.2660550458716,694.2110091743119,109,0.051625825916121124,0.04683141192278694,0.11220231904027662,1
14_15010_0_7_6.jpg,170,708.8942307692307,608.5673076923077,104,0.0676765809703728,0.06627976191877777,0.12825949544764387,1
14_15010_0_7_6.jpg,171,802.95,672.3166666666667,120,0.10944601298275973,0.09964960598548425,0.21758945326008802,3
14_15010_0_7_6.jpg,172,730.0103092783505,657.639175257732,97,0.08608953146419036,0.07916221415881555,0.18487338405436607,3
14_15010_0_7_6.jpg,173,100.23076923076923,148.62637362637363,91,0.044519299743166346,0.04067603398220168,0.075126661603065,1
14_15010_0_7_6.jpg,174,266.1326530612245,47.9030612244898,196,0.0788170536385201,0.07487606954531945,0.14580226650247297,2
14_15010_0_7_6.jpg,175,73.15929203539822,117.78761061946902,113,0.10089728018184542,0.09370189468191227,0.21171120927963155,3
14_15010_0_7_6.jpg,177,656.605504587156,699.8899082568807,109,0.08802735744127838,0.08128225665997033,0.16973491816424557,2
14_15010_0_7_6.jpg,178,17.891472868217054,35.8062015503876,129,0.08975247457259349,0.07646510719450911,0.22929089033718714,3
14_15010_0_7_6.jpg,179,931.4689655172414,725.4137931034483,145,0.09068858043461794,0.08551110777294166,0.22296118730839182,3
14_15010_0_7_6.jpg,180,470.48148148148147,755.0246913580247,81,0.061097503520620766,0.06174972310598979,0.09810091047764741,1
14_15010_0_7_6.jpg,181,611.5,997.2272727272727,44,0.10049257346582306,0.10586222226215966,0.16293186126132045,2
14_15010_0_7_6.jpg,182,98.40963855421687,174.86746987951807,83,0.10885279079419634,0.09808370648325365,0.25549197098672016,3
14_15010_0_7_6.jpg,183,204.92857142857142,797.2,70,0.10247950245993279,0.10445146921815304,0.17369205734386917,2
14_15010_0_7_6.jpg,184,872.6694915254237,962.9830508474577,118,0.05820996295258612,0.0520439550487505,0.16267694755191037,2
14_15010_0_7_6.jpg,185,891.8449612403101,974.7054263565891,129,0.04985257402373887,0.044326422420764615,0.11075899313045193,1
14_15010_0_7_6.jpg,187,839.8987341772151,634.246835443038,158,0.09337640130876919,0.08472732222324386,0.21503581989463036,3
14_15010_0_7_6.jpg,188,704.3406593406594,35.54945054945055,91,0.07495262514452766,0.07341047157397772,0.13965042840181632,2
14_15010_0_7_6.jpg,189,953.875,817.05,80,0.09089394472562458,0.08429622450316665,0.18583376541176821,3
14_15010_0_7_6.jpg,190,843.4965034965035,806.2517482517483,143,0.10868191881725026,0.11885961476855259,0.15790550437106277,2
14_15010_0_7_6.jpg,192,943.2380952380952,825.0285714285715,105,0.08062926546947155,0.08363412875179757,0.17644680038842125,2
14_15010_0_7_6.jpg,193,750.3139534883721,848.2325581395348,86,0.06834882184682183,0.05939466408544787,0.12221300052604032,1
14_15010_0_7_6.jpg,195,717.5084745762712,163.28813559322035,59,0.08847956511196961,0.09976691168710122,0.16458558918162025,2
14_15010_0_7_6.jpg,196,68.74193548387096,206.53763440860214,93,0.11697246638999387,0.10943895832609202,0.22378188432084492,3
14_15010_0_7_6.jpg,197,403.14285714285717,722.7285714285714,70,0.0785923394384182,0.08273810487707484,0.1553372093621978,2
14_15010_0_7_6.jpg,198,941.1666666666666,956.0384615384615,156,0.03346286686595701,0.03226652221686127,0.07492458709519187,1
14_15010_0_7_6.jpg,199,162.9047619047619,20.73015873015873,126,0.11403656990584576,0.10353347655543431,0.22739185560591887,3
14_15010_0_7_6.jpg,200,631.6293706293707,918.0909090909091,143,0.0799841210102563,0.07794640260832357,0.17825732559241816,2
14_15010_0_7_6.jpg,201,687.5140186915888,937.1121495327103,107,0.035945938339104117,0.03625649992151152,0.056240853383613634,1
14_15010_0_7_6.jpg,202,496.3269230769231,952.2307692307693,104,0.10059087691241006,0.08860049063625397,0.21717739117412077,3
14_15010_0_7_6.jpg,203,904.1214285714286,985.0642857142857,140,0.07171316290352474,0.06500764110397816,0.1454910146115947,2
14_15010_0_7_6.jpg,204,872.3139534883721,150.43023255813952,86,0.07337166040581133,0.061167162707459116,0.17291173571630547,2
14_15010_0_7_6.jpg,205,162.3644859813084,120.62616822429906,107,0.11233862213315228,0.11552401233293333,0.2144739882597622,3
14_15010_0_7_6.jpg,206,473.38277511961724,938.2727272727273,209,0.05020943532514075,0.047512325951080625,0.10818757656456375,1
14_15010_0_7_6.jpg,207,718.3394495412844,597.7889908256881,109,0.10012501120405067,0.09133150431372467,0.20462284382200596,3
14_15010_0_7_6.jpg,208,930.5909090909091,899.8863636363636,88,0.09078170714251298,0.0826473768416695,0.15752608449836247,2
14_15010_0_7_6.jpg,209,972.3030303030303,258.74747474747477,99,0.07162495990307542,0.0690359963481541,0.14203948648031198,2
14_15010_0_7_6.jpg,210,977.5400843881856,718.5274261603375,237,0.04879795388452299,0.046107151292926155,0.11671975378487828,1
14_15010_0_7_6.jpg,211,913.0970873786408,860.5825242718447,103,0.08745243934148429,0.0818230702576164,0.16307845461549111,2
14_15010_0_7_6.jpg,212,538.4736842105264,775.5197368421053,152,0.06785885224418238,0.05908051298804468,0.13943109771022502,2
14_15010_0_7_6.jpg,213,563.5744680851063,792.3262411347517,141,0.05252856417696447,0.051148943400836214,0.10182045320760796,1
14_15010_0_7_6.jpg,214,235.01709401709402,59.61538461538461,117,0.07904049502575511,0.07211580968344551,0.20002856578036377,3
14_15010_0_7_6.jpg,215,692.6355140186915,649.4579439252336,107,0.032083356679674886,0.030590413459094426,0.05677181895908181,1
14_15010_0_7_6.jpg,216,356.78409090909093,993.6363636363636,88,0.11279273765370795,0.12068741049111198,0.16672521267253645,2
14_15010_0_7_6.jpg,219,84.1948051948052,186.54545454545453,77,0.07782298025152494,0.07436733920664312,0.15305528454128456,2
14_15010_0_7_6.jpg,220,646.2142857142857,886.5857142857143,140,0.0838356302034663,0.08863994003658705,0.15584719509475806,2
14_15010_0_7_6.jpg,221,753.728813559322,542.3728813559322,59,0.09160910304141129,0.09334221948143855,0.1680432650249102,2
14_15010_0_7_6.jpg,222,895.5967741935484,60.403225806451616,62,0.08361539200215243,0.07927329468936124,0.2005011694367564,3
14_15010_0_7_6.jpg,223,64.21481481481482,239.2074074074074,135,0.07348920000602918,0.06911714525058514,0.1442972999433908,2
14_15010_0_7_6.jpg,224,36.75,152.77884615384616,104,0.07332243758714352,0.06501477358562613,0.16667840686567206,2
14_15010_0_7_6.jpg,225,328.8421052631579,22.960526315789473,76,0.07548363493049329,0.07156101254245517,0.1742218388111571,2
14_15010_0_7_6.jpg,226,597.8225806451613,871.6290322580645,124,0.0950007594677808,0.0859211805342577,0.21396229392625388,3
14_15010_0_7_6.jpg,227,946.9444444444445,881.8412698412699,126,0.06690288023016316,0.06335839248564445,0.1400232397872271,2
14_15010_0_7_6.jpg,228,269.9746835443038,334.8987341772152,79,0.05673572831703701,0.05611960936756643,0.11359557239706361,1
14_15010_0_7_6.jpg,229,673.546218487395,594.344537815126,119,0.09424147310292215,0.08259873837956662,0.179883653523704,2
14_15010_0_7_6.jpg,230,37.52127659574468,186.53191489361703,94,0.05948816451940596,0.05763220081721816,0.10736140795026691,1
14_15010_0_7_6.jpg,231,849.9875,610.175,80,0.06370695427315287,0.054838977419677616,0.13228968357142987,2
14_15010_0_7_6.jpg,232,194.01612903225808,618.8064516129032,62,0.09590040187765891,0.09325801759884614,0.22178705038084756,3
14_15010_0_7_6.jpg,233,247.15652173913043,957.1739130434783,115,0.08847857668358663,0.08380263152002668,0.15939044251554949,2
14_15010_0_7_6.jpg,235,976.2470588235294,518.4705882352941,85,0.018810199610168825,0.0181458927517174,0.03818924157941461,1
14_15010_0_7_6.jpg,236,871.9736842105264,586.0526315789474,76,0.05747936460864786,0.05742290186199795,0.12244183575477266,1
14_15010_0_7_6.jpg,237,714.3532608695652,548.7880434782609,184,0.05617759089785149,0.055601601876661244,0.11202972969104837,1
14_15010_0_7_6.jpg,238,299.4811320754717,400.0377358490566,106,0.05413229063040434,0.05217684957986446,0.11286556382453097,1
14_15010_0_7_6.jpg,239,928.6117647058824,786.7176470588236,85,0.0797643820874604,0.07128205986373512,0.15764680062908984,2
14_15010_0_7_6.jpg,240,661.3757225433526,654.5780346820809,173,0.03194070182003454,0.03308878844143405,0.07944042110248795,1
14_15010_0_7_6.jpg,241,75.98969072164948,182.51546391752578,97,0.07275865768008404,0.07033567979036134,0.13293447743325942,2
14_15010_0_7_6.jpg,242,710.7454545454545,589.290909090909,110,0.11134210876227722,0.10733913818354904,0.1878067133168996,3
14_15010_0_7_6.jpg,243,431.7012987012987,995.5324675324675,77,0.07014840921951601,0.0643519428768033,0.15005495116097875,2
14_15010_0_7_6.jpg,244,520.010752688172,746.6559139784946,93,0.061509004099869154,0.054801594862567894,0.128541142665628,1
14_15010_0_7_6.jpg,245,922.6386554621848,842.7478991596639,119,0.06963987284398869,0.06599627657961943,0.14116788949717154,2
14_15010_0_7_6.jpg,246,848.0714285714286,698.5238095238095,126,0.10134432303846796,0.09659568932876797,0.21160846754936702,3
14_15010_0_7_6.jpg,247,515.4766355140187,862.2803738317757,107,0.0951829269950239,0.09198874230180532,0.21527609770363407,3
14_15010_0_7_6.jpg,248,61.10588235294118,86.24705882352941,85,0.060256357021226704,0.05473091788494419,0.12370134515839049,1
14_15010_0_7_6.jpg,249,833.1833333333333,173.78333333333333,60,0.06638569496590326,0.0648418456659465,0.12224062074603544,1
14_15010_0_7_6.jpg,250,210.71875,113.5,64,0.08145909133383238,0.0829874561863598,0.13451795447764042,2
14_15010_0_7_6.jpg,251,883.0,615.820895522388,67,0.07606972024978156,0.0748190327489619,0.15850860875487194,2
14_15010_0_7_6.jpg,252,575.9402985074627,863.0895522388059,67,0.0851021225381782,0.07554075695557706,0.1909361713844293,3
14_15010_0_7_6.jpg,253,709.5084745762712,483.2881355932203,59,0.0571532976544951,0.06450337996697386,0.11620292873752644,1
14_15010_0_7_6.jpg,254,153.4915254237288,645.4067796610169,118,0.05846681546518207,0.056146485402692584,0.10196023062796697,1
14_15010_0_7_6.jpg,255,138.08602150537635,908.3870967741935,93,0.07754946223588295,0.07140941540688914,0.19744349847095535,3
14_15010_0_7_6.jpg,256,447.34444444444443,803.5333333333333,90,0.07430289682649072,0.06847475174368327,0.1576827684759258,2
14_15010_0_7_6.jpg,258,149.91176470588235,105.25,68,0.11432995587568515,0.11256446893203575,0.23299969092633532,3
14_15010_0_7_6.jpg,259,25.21359223300971,159.95145631067962,103,0.08585512211364528,0.08279679945026532,0.1504189044212829,2
14_15010_0_7_6.jpg,260,582.2794117647059,115.69117647058823,68,0.09774056062205516,0.09961190847420753,0.19281545152913293,3
14_15010_0_7_6.jpg,261,57.47286821705426,106.5891472868217,129,0.06288652786998845,0.052756464178667486,0.1970599310653726,3
14_15010_0_7_6.jpg,262,157.58666666666667,586.76,75,0.09531432165279377,0.09980212588492289,0.16221322427493187,2
14_15010_0_7_6.jpg,263,785.7042253521126,574.6056338028169,71,0.060680480202146975,0.05387069472398219,0.14986523103622634,2
14_15010_0_7_6.jpg,265,163.23636363636365,646.1636363636363,55,0.09967557687935222,0.10063119066652258,0.18547764625326427,3
14_15010_0_7_6.jpg,266,927.9876543209876,869.5555555555555,81,0.0899159735151374,0.07962847630773887,0.23610259023079325,3
14_15010_0_7_6.jpg,267,108.66292134831461,62.46067415730337,89,0.08032262827967156,0.0755385304468748,0.1399623348509489,2
14_15010_0_7_6.jpg,268,23.755102040816325,349.2551020408163,98,0.08320681476535348,0.0755283538679231,0.16958377161361549,2
14_15010_0_7_6.jpg,269,935.3623188405797,674.3478260869565,69,0.08863507096675638,0.08571398361089022,0.18786752357334915,3
14_15010_0_7_6.jpg,270,33.18518518518518,169.79012345679013,81,0.06800875365968523,0.06602656836872658,0.15055421471322297,2
14_15010_0_7_6.jpg,271,105.7012987012987,738.4545454545455,77,0.07180021662974805,0.07490942949147357,0.1337599844277046,2
14_15010_0_7_6.jpg,272,498.85074626865674,642.2537313432836,67,0.05217081629420058,0.0537852353754794,0.09978066211975874,1
14_15010_0_7_6.jpg,273,508.9605263157895,749.5657894736842,76,0.0707739272072314,0.0676680325464275,0.12637772784073165,1
14_15010_0_7_6.jpg,274,729.0280373831775,576.4392523364486,107,0.0983620912321878,0.09349565099388843,0.19130999189013187,3
14_15010_0_7_6.jpg,275,108.6774193548387,40.685483870967744,124,0.08253933791739919,0.07978380444602795,0.17993178058551418,2
14_15010_0_7_6.jpg,277,806.2888888888889,787.3888888888889,90,0.1007359193945251,0.09180454231556953,0.2366229178848124,3
14_15010_0_7_6.jpg,278,694.7848101265823,589.5569620253165,79,0.05495946796156945,0.055521426111691426,0.09469152805602836,1
14_15010_0_7_6.jpg,279,125.47727272727273,60.95454545454545,88,0.06413762776877921,0.06458868201886728,0.13201811404706165,2
14_15010_0_7_6.jpg,280,83.85470085470085,222.39316239316238,117,0.08334418092254745,0.08140177634460509,0.16161557307238414,2
14_15010_0_7_6.jpg,281,837.6941176470589,891.4941176470588,85,0.07895478320383398,0.07227581559197906,0.16055901986226429,2
14_15010_0_7_6.jpg,282,578.0566037735849,576.2452830188679,53,0.08291965864428075,0.07916493942198731,0.1818875423809734,2
14_15010_0_7_6.jpg,283,818.6616541353384,805.1428571428571,133,0.06727298543564386,0.06467988321798412,0.13091749099991187,1
14_15010_0_7_6.jpg,284,527.0564516129032,992.7298387096774,248,0.05005339995030798,0.04649867751444194,0.11194364278684767,1
14_15010_0_7_6.jpg,285,777.080459770115,681.1034482758621,87,0.11337119282720552,0.10783161653990919,0.21736628323422394,3
14_15010_0_7_6.jpg,286,400.31325301204816,64.75903614457832,83,0.021750654198111508,0.019824226942713637,0.04768115314243525,1
14_15010_0_7_6.jpg,287,387.93548387096774,185.82258064516128,62,0.012942554377725003,0.01241927300276384,0.031613489422088754,1
14_15010_0_7_6.jpg,288,123.5,129.27450980392157,102,0.07645934890532868,0.0718542159051435,0.1403814651279339,2
14_15010_0_7_6.jpg,289,705.5555555555555,180.64814814814815,54,0.09151636646018478,0.09520550921369345,0.15711804937320115,2
14_15010_0_7_6.jpg,290,853.4761904761905,256.6,105,0.07643729300247268,0.06471234290196788,0.1701873974405548,2
14_15010_0_7_6.jpg,291,777.0120481927711,981.4819277108434,83,0.05482894957400573,0.054319088032454166,0.1431547219252766,2
14_15010_0_7_6.jpg,292,11.608,921.208,125,0.059852928820065876,0.0566999657443459,0.11936633798096047,1
14_15010_0_7_6.jpg,293,474.98591549295776,445.2535211267606,71,0.07351593718965592,0.06986622881827577,0.14492908009886243,2
14_15010_0_7_6.jpg,294,748.2826086956521,725.195652173913,92,0.0839956829686831,0.07072015255259159,0.19941041843982815,3
14_15010_0_7_6.jpg,295,223.40131578947367,909.9901315789474,304,0.07906859808266577,0.07302940574102385,0.19275684288716827,3
14_15010_0_7_6.jpg,296,182.5206611570248,911.9504132231405,121,0.060649173885574025,0.05789980014794302,0.10896097665666217,1
14_15010_0_7_6.jpg,298,107.70833333333333,52.361111111111114,72,0.09718031340030173,0.08544193586875905,0.23034937581844628,3
14_15010_0_7_6.jpg,299,134.2479338842975,992.3801652892562,121,0.049304674851666834,0.046948310883573596,0.09978640530551348,1
14_15010_0_7_6.jpg,300,146.56140350877192,659.1052631578947,57,0.08437316180027185,0.08554292417593647,0.14846786840569642,2
14_15010_0_7_6.jpg,301,855.1811594202899,787.268115942029,138,0.074021619655817,0.0694724132919119,0.16178656795005958,2
14_15010_0_7_6.jpg,302,86.51388888888889,95.19444444444444,72,0.10170910665980387,0.10134813222076426,0.23234428198802168,3
14_15010_0_7_6.jpg,304,172.44615384615383,596.8153846153846,65,0.06558886965192116,0.057976532615569676,0.15160230630733146,2
14_15010_0_7_6.jpg,305,152.91860465116278,123.77906976744185,86,0.052719889821516076,0.05006859747729872,0.10726262767102429,1
14_15010_0_7_6.jpg,306,995.4142857142857,378.1642857142857,140,0.10160062937814442,0.10008413923906022,0.231819613089429,3
14_15010_0_7_6.jpg,307,891.8854166666666,844.15625,96,0.061823890841986695,0.058086986835428206,0.12428904296704052,1
14_15010_0_7_6.jpg,308,762.4577777777778,787.8666666666667,225,0.05961020337151308,0.056532372008264574,0.11980953831758083,1
14_15010_0_7_6.jpg,310,445.9375,954.25,128,0.07758575502736939,0.07352199957269803,0.18491606965516197,3
14_15010_0_7_6.jpg,311,945.8245614035088,720.3421052631579,114,0.07063382286884497,0.06185960067135581,0.16533733711156137,2
14_15010_0_7_6.jpg,313,181.27522935779817,939.0825688073395,109,0.044389280647577384,0.041734408872254145,0.08500251915269007,1
14_15010_0_7_6.jpg,314,8.385714285714286,230.47142857142856,70,0.07829505353985595,0.06990830024581841,0.19295648567578674,3
14_15010_0_7_6.jpg,315,26.209302325581394,846.1627906976744,86,0.05608210313331834,0.051950978759710977,0.10541572456881121,1
14_15010_0_7_6.jpg,318,873.21,507.89,100,0.07626755852163086,0.06965850625203454,0.17286642147477632,2
14_15010_0_7_6.jpg,319,15.182795698924732,152.6236559139785,93,0.0939273743314508,0.08817557932180696,0.17343187784148456,2
14_15010_0_7_6.jpg,320,827.0,894.7052631578947,95,0.05245200038910073,0.050006644811475306,0.10876848398158431,1
14_15010_0_7_6.jpg,321,668.21875,734.5,64,0.04068569743756684,0.041095605649144565,0.07699904980890195,1
14_15010_0_7_6.jpg,324,119.45569620253164,3.5316455696202533,79,0.0729223106799227,0.06989657559564037,0.15518563584227554,2
14_15010_0_7_6.jpg,325,585.8510638297872,356.72340425531917,94,0.05984433500550191,0.05216880653124695,0.14783548892681225,2
14_15010_0_7_6.jpg,326,23.706521739130434,248.4891304347826,92,0.09581453559803248,0.08969011671678391,0.19995178805120173,3
14_15010_0_7_6.jpg,327,697.2432432432432,623.6891891891892,74,0.07846375716101543,0.0709948404451447,0.16312266847375953,2
14_15010_0_7_6.jpg,328,775.1728395061729,207.14814814814815,81,0.07002635704665833,0.06575009649041265,0.13870624706159193,2
14_15010_0_7_6.jpg,332,206.23469387755102,933.5051020408164,196,0.0571557386875304,0.052645225485943595,0.1501127532601742,2
14_15010_0_7_6.jpg,333,584.4573170731708,888.2743902439024,164,0.05344408779661247,0.04699413143572298,0.14819006339398744,2
14_15010_0_7_6.jpg,334,817.7076023391813,845.0116959064327,171,0.023400426291442702,0.022386940623253047,0.042611982634681106,1
14_15010_0_7_6.jpg,335,34.830601092896174,866.24043715847,183,0.09855747126067081,0.09675100157713143,0.1829746299740554,2
14_15010_0_7_6.jpg,336,580.8888888888889,825.5,126,0.02989956653587982,0.0283705070386747,0.05799574645765763,1
14_15010_0_7_6.jpg,337,997.6388888888889,277.72222222222223,36,0.08751523022093179,0.08057232931557808,0.20892231027371577,3
14_15010_0_7_6.jpg,338,227.71794871794873,68.92307692307692,78,0.07601273579780206,0.07037348285038054,0.16338688110911487,2
14_15010_0_7_6.jpg,339,58.0948275862069,188.75,116,0.05968002381051778,0.058878361194277196,0.12762132088508157,1
14_15010_0_7_6.jpg,341,422.4596774193548,774.1129032258065,124,0.07827487596465421,0.06825501254643007,0.1526707967637689,2
14_15010_0_7_6.jpg,342,2.8705882352941177,887.3882352941176,85,0.10451414364762716,0.09039683854032998,0.22101124920543042,3
14_15010_0_7_6.jpg,343,4.485714285714286,819.3,70,0.08511180038674986,0.08215710267917482,0.1544962728890626,2
14_15010_0_7_6.jpg,344,25.763157894736842,177.69736842105263,76,0.06731457824887063,0.06401105643988161,0.14689885839173944,2
14_15010_0_7_6.jpg,345,842.2035398230089,774.0796460176991,113,0.06558698354774813,0.06029727547308134,0.1291032806244423,1
14_15010_0_7_6.jpg,346,649.8372093023256,907.6279069767442,86,0.055075619239448446,0.04423563380529001,0.14376641764900996,2
14_15010_0_7_6.jpg,347,663.6428571428571,957.9732142857143,112,0.05811074932907761,0.05299184819832699,0.1273300147391972,1
14_15010_0_7_6.jpg,349,774.7962962962963,798.4074074074074,108,0.05945357712057438,0.055234125467238285,0.1266410918749311,1
14_15010_0_7_6.jpg,350,807.4507042253521,358.59154929577466,71,0.05797525828147732,0.05247645215131248,0.125831874101877,1
14_15010_0_7_6.jpg,351,985.3913043478261,232.20289855072463,69,0.051910097969743246,0.050006644811475306,0.11580371343495323,1
14_15010_0_7_6.jpg,352,459.5,819.4444444444445,108,0.052808593360502386,0.04933538454313752,0.1224179339005913,1
14_15010_0_7_6.jpg,356,530.0172413793103,241.6551724137931,58,0.06120820482049106,0.06257908217214507,0.11438645057388479,1
14_15010_0_7_6.jpg,357,846.7692307692307,108.01282051282051,78,0.03503459221600682,0.031857082620902435,0.08744223138952614,1
14_15010_0_7_6.jpg,358,35.41428571428571,923.6142857142858,70,0.05850632210236044,0.04917503915223335,0.14319459131683904,2
14_15010_0_7_6.jpg,359,938.3358208955224,756.0223880597015,134,0.08247296173004513,0.0735239460985182,0.18743451519116175,3
14_15010_0_7_6.jpg,360,861.4705882352941,668.4,85,0.07171823630475768,0.05940375151847534,0.17545514775913812,2
14_15010_0_7_6.jpg,361,654.06,961.61,100,0.058923953947797765,0.054966288441482485,0.11965226392735505,1
14_15010_0_7_6.jpg,362,789.4833333333333,505.25,60,0.06843392809261213,0.06536720236684883,0.1520297908187123,2
14_15010_0_7_6.jpg,363,758.5230769230769,643.1384615384616,65,0.08444902278695636,0.08531571824813095,0.13507555072619673,2
14_15010_0_7_6.jpg,364,649.4202898550725,922.7391304347826,69,0.07872012539489175,0.07720215238493522,0.17293606777588405,2
14_15010_0_7_6.jpg,365,642.94,105.9,50,0.05227609142498201,0.05284936565055651,0.1257926464027335,1
14_15010_0_7_6.jpg,367,804.3,695.275,80,0.07788730239485844,0.07223383573022718,0.17074961690238621,2
14_15010_0_7_6.jpg,368,41.21787709497207,884.5307262569833,179,0.07901733275748225,0.06993027131776741,0.19308670769772482,3
14_15010_0_7_6.jpg,369,24.595419847328245,300.08396946564886,131,0.05214771122579235,0.05081804201879726,0.09199275564178705,1
14_15010_0_7_6.jpg,372,883.5581395348837,120.06976744186046,43,0.015150497904168522,0.01607901140575013,0.025874879269127533,1
14_15010_0_7_6.jpg,373,797.1363636363636,606.6363636363636,88,0.0280646356679348,0.026979741768297733,0.061694796351088724,1
14_15010_0_7_6.jpg,374,289.3578431372549,814.8553921568628,408,0.005771574843293,0.0048979914558219175,0.026344295449008136,1
14_15010_0_7_6.jpg,375,944.6413043478261,994.5434782608696,184,0.05028061841257526,0.047660724093761056,0.09761058881417854,1
14_15010_0_7_6.jpg,377,624.4666666666667,58.88333333333333,60,0.0568145001995826,0.05632781327146262,0.11896023088185198,1
14_15010_0_7_6.jpg,378,437.16058394160586,774.1094890510949,137,0.07308581164879684,0.07404445947900583,0.12052322038908901,1
14_15010_0_7_6.jpg,379,628.824427480916,988.1221374045801,131,0.06627280209842552,0.06065595958616814,0.1486887292900844,2
14_15010_0_7_6.jpg,382,144.15454545454546,978.7727272727273,110,0.07893101331618467,0.07875416737568307,0.16020312666040004,2
14_15010_0_7_6.jpg,383,809.6944444444445,795.8333333333334,72,0.08651242213828109,0.081972958147288,0.18586251691477285,3
14_15010_0_7_6.jpg,384,802.5,730.1063829787234,94,0.054588740941611855,0.05182560754502611,0.10493775290680137,1
14_15010_0_7_6.jpg,385,789.9230769230769,328.09615384615387,52,0.06342604436510932,0.05234113611052105,0.1408924699779681,2
14_15010_0_7_6.jpg,386,454.52,863.39,100,0.05444950447122309,0.05055275565146567,0.12153250119742143,1
14_15010_0_7_6.jpg,387,318.15,680.75,60,0.07810794686883187,0.08809058705529892,0.14240334343975508,2
14_15010_0_7_6.jpg,389,6.397350993377484,193.94701986754967,151,0.0541525497835048,0.04757756665809619,0.136318738675565,2
14_15010_0_7_6.jpg,390,160.35897435897436,63.256410256410255,78,0.06066207359290338,0.054509028096619005,0.12275847001105884,1
14_15010_0_7_6.jpg,391,112.35652173913043,29.121739130434783,115,0.03592883665043983,0.03466079151954398,0.07501865002524957,1
14_15010_0_7_6.jpg,393,518.8990825688073,850.4311926605504,109,0.05817738296972853,0.058844408442865044,0.1165427612238913,1
14_15010_0_7_6.jpg,395,682.8125,549.1,80,0.07622805347718556,0.077012442690296,0.14233014066393798,2
14_15010_0_7_6.jpg,397,785.1486486486486,723.5540540540541,74,0.03858967066588943,0.0335539821529887,0.07682221397828157,1
14_15010_0_7_6.jpg,399,816.1111111111111,733.2,90,0.1028845681189133,0.10154475216704889,0.16107171212656157,2
14_15010_0_7_6.jpg,400,717.1481481481482,582.6481481481482,54,0.11057492417943637,0.10744043315476175,0.2050239780861509,3
14_15010_0_7_6.jpg,401,616.2972972972973,435.3783783783784,74,0.06815086731834401,0.0659995208742035,0.13168122711234498,1
14_15010_0_7_6.jpg,403,234.25555555555556,41.022222222222226,90,0.056263844333673034,0.05455126632637459,0.10896765195616442,1
14_15010_0_7_6.jpg,404,363.3859649122807,949.7894736842105,57,0.08304863962600181,0.0909133393730724,0.1667072873300407,2
14_15010_0_7_6.jpg,405,902.1410256410256,919.7051282051282,78,0.07514712623187925,0.07130917957691452,0.16860792973419295,2
14_15010_0_7_6.jpg,411,564.2680412371134,867.680412371134,97,0.0653245675273808,0.05940819356702095,0.13807504118957628,2
14_15010_0_7_6.jpg,412,31.36231884057971,361.72463768115944,69,0.07292705866319044,0.07130172910506072,0.13488002380312739,2
14_15010_0_7_6.jpg,414,539.6776859504132,735.0661157024794,121,0.04387268111536882,0.03735906769568655,0.09892271212802577,1
14_15010_0_7_6.jpg,415,424.468085106383,174.38297872340425,47,0.06104863601227846,0.06551330438416172,0.10347789641356304,1
14_15010_0_7_6.jpg,417,232.93023255813952,170.1627906976744,86,0.012056104252412327,0.011764911111019013,0.025045246748944625,1
14_15010_0_7_6.jpg,420,857.8157894736842,954.9561403508771,114,0.05983346071090512,0.05366830937454059,0.15044452842586153,2
14_15010_0_7_6.jpg,421,107.62962962962963,167.74074074074073,81,0.08930921464075389,0.0845861164797575,0.17832305193322934,2
14_15010_0_7_6.jpg,422,928.9325842696629,910.5056179775281,89,0.06788405017551886,0.07073454501630749,0.10740610642259901,1
14_15010_0_7_6.jpg,423,436.3125,720.4583333333334,48,0.061337784724444976,0.061221306535776565,0.12141400927066584,1
14_15010_0_7_6.jpg,425,316.36538461538464,883.3173076923077,104,0.017888465784127207,0.01800415256190175,0.029191379136401456,1
14_15010_0_7_6.jpg,426,199.8068181818182,881.9318181818181,88,0.07857073494636696,0.07299042419159074,0.1818201695794232,2
14_15010_0_7_6.jpg,429,719.8196721311475,181.5737704918033,61,0.03593378174380142,0.03200964706415926,0.07881780479665118,1
14_15010_0_7_6.jpg,430,2.6447368421052633,912.2631578947369,76,0.11229723047257446,0.11284918793651104,0.18471726490458837,3
14_15010_0_7_6.jpg,432,906.3166666666667,346.1,60,0.05240310860854444,0.053836920152157935,0.09324173147858178,1
14_15010_0_7_6.jpg,435,889.6521739130435,897.3478260869565,92,0.07488695668194334,0.07055440896572501,0.14043465876501346,2
14_15010_0_7_6.jpg,436,560.7404580152672,966.4465648854962,262,0.06069076821366319,0.056330203985019575,0.14764677158118028,2
14_15010_0_7_6.jpg,437,202.92537313432837,122.1044776119403,67,0.0615075453858506,0.05908660626279302,0.11365041686888847,1
14_15010_0_7_6.jpg,439,850.2417582417582,731.945054945055,91,0.06343992126165392,0.0612216325790474,0.1039741774866445,1
14_15010_0_7_6.jpg,440,842.5321100917431,905.2935779816514,109,0.08268898439875297,0.07790035499023192,0.21204797666238615,3
14_15010_0_7_6.jpg,441,332.2758620689655,618.7931034482758,58,0.039797040318933566,0.03806972457396771,0.07603035731405985,1
14_15010_0_7_6.jpg,442,888.1238938053098,935.8053097345132,113,0.05628039711313484,0.05437951752063701,0.11511977822835345,1
14_15010_0_7_6.jpg,444,41.98026315789474,945.7105263157895,152,0.030995033547242062,0.029313278539366973,0.05724305325648494,1
14_15010_0_7_6.jpg,445,723.0493827160494,581.5555555555555,81,0.07299833231853252,0.06970186858657974,0.11027606196757138,1
14_15010_0_7_6.jpg,446,637.5673076923077,968.8942307692307,104,0.04943121406780317,0.047349226623300426,0.08800532603833719,1
14_15010_0_7_6.jpg,447,13.329268292682928,243.84146341463415,82,0.07593215095171227,0.06982566433935147,0.14455530138324388,2
14_15010_0_7_6.jpg,448,847.4077669902913,184.02912621359224,103,0.05580548692153343,0.05255419196615503,0.10817558341163458,1
14_15010_0_7_6.jpg,451,6.038095238095238,845.1809523809524,105,0.0642308426794697,0.058678421543676924,0.1385044305294801,2
14_15010_0_7_6.jpg,452,335.38582677165357,877.9763779527559,127,0.014173001951821492,0.013487013388149963,0.024856170380784214,1
14_15010_0_7_6.jpg,455,446.15748031496065,980.3779527559055,127,0.0485855530460057,0.04172105573220039,0.1177979030704001,1
14_15010_0_7_6.jpg,456,532.5243902439024,967.1158536585366,164,0.03997064963882044,0.03826337865553051,0.09367870926794933,1
14_15010_0_7_6.jpg,457,140.86363636363637,188.11363636363637,88,0.05825704829794375,0.056419191621845895,0.1297551138474001,1
14_15010_0_7_6.jpg,458,939.7966101694915,391.135593220339,59,0.05707133802721689,0.06174972310598979,0.09330409576181063,1
14_15010_0_7_6.jpg,460,947.3424657534247,837.6575342465753,73,0.07001403532644641,0.0636062571114642,0.16775904730533703,2
14_15010_0_7_6.jpg,461,805.1184210526316,817.9736842105264,76,0.07965283768071751,0.07703507273336352,0.1546586081153612,2
14_15010_0_7_6.jpg,462,638.5584415584416,926.0649350649351,77,0.07371599316192778,0.07063977460090343,0.15999551029147124,2
14_15010_0_7_6.jpg,463,906.4722222222222,498.9861111111111,72,0.06234911005850062,0.060437987940606834,0.12815604347929685,1
14_15010_0_7_6.jpg,465,613.4834437086092,970.9801324503311,151,0.058759417347590936,0.05697741039113495,0.11761273914003276,1
14_15010_0_7_6.jpg,467,827.3108108108108,775.4864864864865,74,0.05468996358716267,0.04819081253640788,0.12501998629833547,1
14_15010_0_7_6.jpg,471,803.6025641025641,927.2179487179487,78,0.047514748262932664,0.04573854801060112,0.09429532885536844,1
14_15010_0_7_6.jpg,472,4.384615384615385,185.13846153846154,65,0.10566292525312203,0.10637905009665603,0.20082489257022995,3
14_15010_0_7_6.jpg,474,507.9325842696629,950.1573033707865,89,0.06909929566010621,0.06429782717649436,0.1276163250232185,1
14_15010_0_7_6.jpg,476,71.09859154929578,821.6056338028169,71,0.07038848991946972,0.06371757585622433,0.21499112440467064,3
14_15010_0_7_6.jpg,477,559.8392857142857,773.4178571428571,280,0.021870779497279388,0.014247823107678907,0.06676591726772386,1
14_15010_0_7_6.jpg,478,997.2571428571429,697.6,35,0.02334848242958706,0.021052651019707592,0.04330375525023513,1
14_15010_0_7_6.jpg,480,625.3205128205128,156.34615384615384,78,0.04285715695093109,0.035515671751364594,0.11359560533927253,1
14_15010_0_7_6.jpg,485,765.4186046511628,798.4418604651163,43,0.08148726258265214,0.06962953748774346,0.18910621929993787,3
14_15010_0_7_6.jpg,486,5.43298969072165,776.7216494845361,97,0.030621350079990426,0.027248839519313586,0.06756072636224662,1
14_15010_0_7_6.jpg,487,424.8,474.15384615384613,65,0.03331020076256185,0.03072962592823894,0.061575071821870324,1
14_15010_0_7_6.jpg,489,918.3333333333334,776.3939393939394,66,0.08733277764835469,0.07924703885531699,0.18150974013003085,2
14_15010_0_7_6.jpg,491,51.89041095890411,211.15068493150685,73,0.058530200611519964,0.04984483277508385,0.12667094318910435,1
14_15010_0_7_6.jpg,493,90.325,56.725,120,0.009011060406439727,0.00750496650676127,0.028994999818219562,1
14_15010_0_7_6.jpg,495,997.2051282051282,657.974358974359,39,0.07864778799719187,0.07360344616806366,0.18254022523550728,2
14_15010_0_7_6.jpg,496,785.7721518987341,637.3544303797469,79,0.05738856902216412,0.05000968972912409,0.12563443152992784,1
14_15010_0_7_6.jpg,498,886.3037974683544,705.8037974683544,158,0.03775700331089823,0.03375129961156478,0.08139783372241219,1
14_15010_0_7_6.jpg,500,296.5813953488372,942.7325581395348,86,0.04231899620037801,0.041566701742706096,0.104965664658304,1
14_15010_0_7_6.jpg,501,684.4257425742575,598.1287128712871,101,0.05692003872856316,0.05533121503716218,0.11809773600672732,1
14_15010_0_7_6.jpg,502,432.97752808988764,890.056179775281,89,0.011333255673361972,0.008313092828512154,0.07380902150143051,1
14_15010_0_7_6.jpg,503,499.6422764227642,770.3170731707318,123,0.07367951249810598,0.059377178258416215,0.22304731590731897,3
14_15010_0_7_6.jpg,504,39.67857142857143,218.67857142857142,56,0.04459759693718147,0.04304682105410014,0.08228527027253195,1
14_15010_0_7_6.jpg,506,45.08,866.4666666666667,75,0.0789259636330253,0.07794370105434789,0.15011385715228706,2
14_15010_0_7_6.jpg,507,858.2875,651.9,80,0.07335512287182738,0.06907967520191036,0.15470025816132835,2
14_15010_0_7_6.jpg,508,849.3829787234042,740.9574468085107,47,0.07234874684830137,0.06255433857661456,0.14799197714575157,2
14_15010_0_7_6.jpg,511,813.3086419753087,940.4115226337449,243,0.03641805077689966,0.03319347680425206,0.11118253718700169,1
14_15010_0_7_6.jpg,514,851.6986301369863,638.5890410958904,73,0.06699256199389801,0.05990778498977342,0.1528569791582789,2
14_15010_0_7_6.jpg,515,715.5873015873016,533.2857142857143,63,0.05451823382939583,0.05128332704558526,0.10539050967566888,1
14_15010_0_7_6.jpg,516,917.3529411764706,587.4852941176471,68,0.015360479614082496,0.014310648558879323,0.03682656754020965,1
14_15010_0_7_6.jpg,517,296.3736263736264,913.7582417582418,91,0.014607074697717784,0.0143971198365534,0.03511922024874137,1
14_15010_0_7_6.jpg,518,131.17307692307693,796.4807692307693,52,0.08095761226885184,0.0747932865108851,0.19218459958371598,3
14_15010_0_7_6.jpg,519,743.89,600.83,100,0.04239425232574854,0.03786009529113639,0.10514957922348304,1
14_15010_0_7_6.jpg,522,160.7125,107.4375,80,0.02351191193368774,0.01685191059661595,0.07659034257379986,1
14_15010_0_7_6.jpg,523,165.53061224489795,85.09183673469387,98,0.03553934039961285,0.03495889716826496,0.06419662782808754,1
14_15010_0_7_6.jpg,525,757.6410256410256,726.3589743589744,78,0.04666616213929524,0.04232305735910154,0.09012795935847669,1
14_15010_0_7_6.jpg,528,849.5909090909091,647.7727272727273,66,0.048407567176569,0.04494305880501629,0.08791155752551663,1
14_15010_0_7_6.jpg,532,728.85,603.75,60,0.042710925001311156,0.03784992195852785,0.0762701893620934,1
14_15010_0_7_6.jpg,535,903.9848484848485,359.3333333333333,66,0.03623402633316334,0.03314643842173882,0.10429686683225275,1
14_15010_0_7_6.jpg,536,27.90625,886.3645833333334,96,0.05680264270805041,0.05145802407262709,0.12240588803796791,1
14_15010_0_7_6.jpg,538,135.76315789473685,86.63157894736842,76,0.07369346559124564,0.07283805209478095,0.13926747079700064,2
14_15010_0_7_6.jpg,539,933.875,525.5555555555555,72,0.05690791734774985,0.05413376659774331,0.12002522404266519,1
14_15010_0_7_6.jpg,542,225.64634146341464,925.280487804878,82,0.054235322780668685,0.04300184116149633,0.15663801399094804,2
14_15010_0_7_6.jpg,543,53.8828125,783.9375,256,0.0107247383328789,0.005715167659586474,0.06222219412383382,1
14_15010_0_7_6.jpg,545,397.0,27.896907216494846,97,0.0506047365399664,0.04665730009660812,0.10166464933669403,1
14_15010_0_7_6.jpg,549,275.5744680851064,138.7659574468085,94,0.01657449653133083,0.016619953056221243,0.03251922413697639,1
14_15010_0_7_6.jpg,550,379.3488372093023,32.0406976744186,172,0.05843903378509685,0.055215399378709826,0.13875494324590204,2
14_15010_0_7_6.jpg,551,809.6808510638298,95.95744680851064,47,0.027514704487950594,0.030220612300880977,0.04355378913000666,1
14_15010_0_7_6.jpg,553,78.06382978723404,127.85106382978724,47,0.06465540594268927,0.05871347004457127,0.12439645704238843,1
14_15010_0_7_6.jpg,558,775.0617283950618,426.4074074074074,81,0.009814606710670772,0.008899798801034099,0.02607367029160094,1
14_15010_0_7_6.jpg,560,967.2857142857143,804.2797619047619,168,0.05199229653528001,0.0503525720896255,0.14047973093672939,2
14_15010_0_7_6.jpg,561,912.7522123893805,923.4159292035398,113,0.04302039666039647,0.04010866373841092,0.08817104585372988,1
14_15010_0_7_6.jpg,562,880.581081081081,151.8108108108108,74,0.029489900387533494,0.02581575387606729,0.06744673421122474,1
14_15010_0_7_6.jpg,565,821.2151898734177,63.50632911392405,79,0.03871041572594961,0.035236698339658104,0.10095240426546621,1
14_15010_0_7_6.jpg,568,462.4392523364486,763.0280373831775,107,0.051267168924145366,0.05115959973411047,0.11572004815511602,1
14_15010_0_7_6.jpg,570,207.6534090909091,958.5965909090909,176,0.04317962317559514,0.037586186872447004,0.10454137091177558,1
14_15010_0_7_6.jpg,572,920.1481481481482,304.462962962963,54,0.046880388152946054,0.04725431967571572,0.08522419166961545,1
14_15010_0_7_6.jpg,573,137.26027397260273,201.68493150684932,73,0.04921905842319335,0.04821081456094458,0.09526430889206107,1
14_15010_0_7_6.jpg,574,478.0882352941176,910.4411764705883,68,0.0703327358904916,0.06008655465488223,0.15559747716330158,2
14_15010_0_7_6.jpg,576,826.0232558139535,110.86046511627907,43,0.03760818058824494,0.03387530960575559,0.08081631321518785,1
14_15010_0_7_6.jpg,581,624.1935483870968,885.6989247311828,186,0.05064466691494656,0.04875223562694504,0.1039578701768833,1
14_15010_0_7_6.jpg,583,74.27848101265823,228.9367088607595,79,0.056114076345753175,0.05753167851699759,0.09844130176337612,1
14_15010_0_7_6.jpg,585,921.0,898.3076923076923,65,0.07134983964849624,0.07016144716441411,0.15588683498646758,2
14_15010_0_7_6.jpg,586,958.7142857142857,936.1571428571428,140,0.03586157099053675,0.03635048189833398,0.0667062078639871,1
14_15010_0_7_6.jpg,588,129.75151515151515,209.96969696969697,165,0.03489045491165434,0.030949518170106088,0.07921747405905145,1
14_15010_0_7_6.jpg,589,829.6703296703297,970.8681318681319,91,0.06519659606948455,0.059433790724544876,0.14926388953566816,2
14_15010_0_7_6.jpg,591,154.4017094017094,150.92307692307693,117,0.010592931784756095,0.007099463921908521,0.0645815276887475,1
14_15010_0_7_6.jpg,596,115.79807692307692,147.84615384615384,104,0.048988966848925994,0.04194325235413264,0.121245290687777,1
14_15010_0_7_6.jpg,600,793.0326086956521,591.5869565217391,92,0.024230906827713374,0.01859305551086273,0.05915399620852445,1
14_15010_0_7_6.jpg,602,204.17948717948718,57.43589743589744,78,0.051852206497626105,0.05015377901535249,0.10082975346692166,1
14_15010_0_7_6.jpg,614,373.3859649122807,47.6140350877193,114,0.03883034970559724,0.03530145072375279,0.09019236492291512,1
14_15010_0_7_6.jpg,615,699.8115942028985,393.1449275362319,69,0.011931869268980108,0.01161441798722513,0.027974205729184846,1
14_15010_0_7_6.jpg,616,157.94392523364485,948.3271028037383,107,0.05570434531273422,0.05327794035046786,0.10263931328132882,1
14_15010_0_7_6.jpg,617,957.8918918918919,794.2972972972973,74,0.058458201827489766,0.05145695585547026,0.16392776193248057,2
14_15010_0_7_6.jpg,620,289.8727272727273,885.7454545454545,55,0.015654185884624968,0.015292488753496356,0.026245104398462248,1
14_15010_0_7_6.jpg,621,145.42352941176472,147.38823529411764,85,0.04308591067584774,0.04052616302337676,0.09649876064796732,1
14_15010_0_7_6.jpg,622,26.175,997.125,40,0.04308213165180745,0.04174983660950428,0.07946467216517775,1
14_15010_0_7_6.jpg,623,217.2875,2.7125,80,0.07891966650624602,0.07324618584815092,0.2053688968354514,3
14_15010_0_7_6.jpg,632,46.62135922330097,204.62135922330097,103,0.036226721003060486,0.03468137789139804,0.07211128265708804,1
14_15010_0_7_6.jpg,634,723.9054054054054,240.32432432432432,74,0.008228116730899898,0.008149936924423107,0.026889354363421016,1
14_15010_0_7_6.jpg,635,134.82608695652175,101.43478260869566,69,0.02572928513821011,0.024392456316519852,0.04510870460958429,1
14_15010_0_7_6.jpg,636,767.8125,730.8958333333334,144,0.025092871169544992,0.02462363988342465,0.03931540145806798,1
14_15010_0_7_6.jpg,639,924.0,743.7391304347826,92,0.03981705840999934,0.037231480110840445,0.14015865291388996,2
14_15010_0_7_6.jpg,641,644.8125,483.625,48,0.019898703981881267,0.02067935697961381,0.031195238651128027,1
14_15010_0_7_6.jpg,647,522.5441176470588,964.7058823529412,68,0.023776927896096815,0.02250363419738099,0.0495888745075638,1
14_15010_0_7_6.jpg,648,102.02127659574468,849.3191489361702,47,0.05714428890418865,0.05141121632960646,0.12191491089390666,1
14_15010_0_7_6.jpg,650,950.8867924528302,627.0188679245283,53,0.051677973329528025,0.04788760702757741,0.1288058191314585,1
14_15010_0_7_6.jpg,651,783.048,751.952,125,0.04880244290978308,0.04572874640335231,0.10472576163043636,1
14_15010_0_7_6.jpg,652,603.6944444444445,525.0416666666666,72,0.05529242529060237,0.04669993449526078,0.11653996776778544,1
14_15010_0_7_6.jpg,653,801.3809523809524,687.3571428571429,42,0.08015334321792177,0.07614084486135501,0.14661066875945003,2
14_15010_0_7_6.jpg,654,2.606060606060606,930.9090909090909,66,0.05325189248657892,0.04733560254761239,0.1223088929292832,1
